{"has_child":1,"home_url":"http:\/\/localhost:8080\/wordpress","child_file":{"localhost_wordpress_wpvivid-6226005e7c838_2022-03-07-12-53_backup_plugin.part001.zip":{"file_type":"plugin","plugin":{"advanced-custom-fields":{"slug":"advanced-custom-fields","size":9091252},"classic-editor":{"slug":"classic-editor","size":61880},"colibri-page-builder":{"slug":"colibri-page-builder","size":20020501},"content-control":{"slug":"content-control","size":955786},"elementor":{"slug":"elementor","size":27184695},"frontend-admin":{"slug":"frontend-admin","size":15022881},"front-end-pm":{"slug":"front-end-pm","size":2937203},"mystickymenu":{"slug":"mystickymenu","size":1657488},"nav-menu-roles":{"slug":"nav-menu-roles","size":105981},"ninja-forms":{"slug":"ninja-forms","size":18476130},"pods":{"slug":"pods","size":22487605},"post-meta-inspector":{"slug":"post-meta-inspector","size":23042},"posts-data-table":{"slug":"posts-data-table","size":835671},"salon-booking-system":{"slug":"salon-booking-system","size":45044604},"the-events-calendar":{"slug":"the-events-calendar","size":29872292},"ultimate-member":{"slug":"ultimate-member","size":6308860},"um-recaptcha":{"slug":"um-recaptcha","size":145575},"updraftplus":{"slug":"updraftplus","size":27013554},"wp-user-frontend":{"slug":"wp-user-frontend","size":11440848}},"root_flag":"wp-content","file":"localhost_wordpress_wpvivid-6226005e7c838_2022-03-07-12-53_backup_plugin.part001.zip","php_version":"8.1.2","mysql_version":"5.5.5"}},"root_flag":"custom","file":"localhost_wordpress_wpvivid-6226005e7c838_2022-03-07-12-53_backup_all.part001.zip","php_version":"8.1.2","mysql_version":"5.5.5"}